Account_Number,Credit_Card_number
5.43593E+15,842045
5.57274E+15,910396
5.12088E+15,547558
5.43859E+15,866231
5.37984E+15,383283
5.19309E+15,475026
5.29511E+15,765554
5.29656E+15,953075
5.39921E+15,834921
5.5909E+15,256319
5.58388E+15,488428
5.51585E+15,682428
5.40256E+15,911941
5.45129E+15,386597
5.35408E+15,454667
5.33129E+15,946175
5.44355E+15,923549
5.45387E+15,399314
5.32034E+15,413749
5.17317E+15,234394
5.27297E+15,858322
5.23303E+15,612782
5.19242E+15,080676
5.26682E+15,811869
5.54189E+15,435260
5.59783E+15,925363
5.50673E+15,785239
5.21178E+15,332168
5.12286E+15,990832
5.42259E+15,282198
5.24686E+15,954606
5.52315E+15,485062
5.41355E+15,775827
5.28728E+15,082157
5.33399E+15,040208
5.17497E+15,537904
5.42549E+15,328241
5.19965E+15,718519
5.24415E+15,842941
5.11899E+15,667331
5.20861E+15,550490
5.59799E+15,079722
5.21491E+15,669067
5.34633E+15,542465
5.29166E+15,120046
5.24125E+15,756911
5.51983E+15,352121
5.15732E+15,773011
5.48996E+15,543936
5.48911E+15,467712
5.58899E+15,612372
5.12366E+15,141825
5.13689E+15,761906
5.22086E+15,022842
5.13054E+15,991850
5.10223E+15,645058
5.55436E+15,203960
5.43986E+15,203082
5.31086E+15,986257
5.12735E+15,783693
5.52871E+15,938229
5.28326E+15,323003
5.54925E+15,721985
5.2668E+15,720005
5.19175E+15,813919
5.17919E+15,560048
5.35645E+15,301723
5.50605E+15,271895
5.19764E+15,712806
5.48052E+15,203483
5.10153E+15,732083
5.12909E+15,318248
5.55847E+15,271348
5.31603E+15,836958
5.18561E+15,052951
5.30618E+15,554797
5.13861E+15,856156
5.52918E+15,165645
5.14233E+15,532875
5.29565E+15,598630
5.51685E+15,480711
5.34252E+15,862405
5.16679E+15,665225
5.47116E+15,089122
5.51033E+15,131996
5.50933E+15,564183
5.2983E+15,122792
5.26903E+15,058321
5.10219E+15,474568
5.358E+15,704374
5.35899E+15,558743
5.2215E+15,698592
5.18903E+15,871731
5.23525E+15,520515
5.19227E+15,696446
5.43205E+15,606978
5.13392E+15,432251
5.40563E+15,689587
5.21621E+15,815313
5.57094E+15,134014
