Payment_ID,Account_Number,Amount
I9F5U6,5.43593E+15,100
W3X3O9,5.57274E+15,200
K5Y6K3,5.12088E+15,300
G0X3H1,5.43859E+15,400
Y5B5Z6,5.37984E+15,500
G0O5L2,5.43593E+15,100
N4G0M9,5.57274E+15,200
I2A7P7,5.12088E+15,300
I9W4G9,5.43859E+15,400
D8S4Q7,5.37984E+15,500
F2K8W8,5.43593E+15,100
V9Y2P4,5.57274E+15,200
L9H4I9,5.12088E+15,300
W6Y6N8,5.43859E+15,400
A3N4C1,5.37984E+15,500
K9M8O5,5.43593E+15,100
A2A5Z0,5.57274E+15,200
I5R0W6,5.12088E+15,300
R1B9Y6,5.43859E+15,400
M0L4X2,5.37984E+15,500
C0X3L0,5.43593E+15,100
Q4Q0J0,5.57274E+15,200
H0Y0J4,5.12088E+15,300
O3K8F0,5.43859E+15,400
F3U7T8,5.37984E+15,500
M4R5E0,5.43593E+15,100
U6H1J5,5.57274E+15,200
Z3Y1X4,5.12088E+15,300
P8R7H0,5.43859E+15,400
K8H4V1,5.37984E+15,500
J1U8V8,5.43593E+15,100
T7C3D4,5.57274E+15,200
O8B1F8,5.12088E+15,300
T5T7L0,5.43859E+15,400
Q7G2N6,5.37984E+15,500
E5E8P9,5.43593E+15,100
M5J4B7,5.57274E+15,200
T4L4N7,5.12088E+15,300
D3E0P5,5.43859E+15,400
H0F8N0,5.37984E+15,500
K1R9A2,5.43593E+15,100
B9X6S3,5.57274E+15,200
K3Y9I3,5.12088E+15,300
F0A0K4,5.43859E+15,400
E0X2V5,5.37984E+15,500
M3G7I8,5.43593E+15,100
L9B0B5,5.57274E+15,200
G7H1V8,5.12088E+15,300
E4W5G5,5.43859E+15,400
D1S2L7,5.37984E+15,500
