Payment_ID,Account_Number,Cheque_Number
I9F5U6,5.43593E+15,LLI81FEO7UO
W3X3O9,5.57274E+15,RWB72EUE6VR
K5Y6K3,5.12088E+15,IYQ39LBE4CM
G0X3H1,5.43859E+15,XBD29WRF6VU
Y5B5Z6,5.37984E+15,RAA59GTK0OO
G0O5L2,5.43593E+15,JZX14LZT0KI
N4G0M9,5.57274E+15,YSV36VXD4LE
I2A7P7,5.12088E+15,QKK28ZZR6NH
I9W4G9,5.43859E+15,NDK73PJD1ZY
D8S4Q7,5.37984E+15,SWZ79VVG6ZS
F2K8W8,5.43593E+15,NSS76FYS8NO
V9Y2P4,5.57274E+15,JGG09WRI3AT
L9H4I9,5.12088E+15,VEA59IZJ3BR
W6Y6N8,5.43859E+15,NWZ51LSP1FB
A3N4C1,5.37984E+15,CII11RVG5FF
K9M8O5,5.43593E+15,VQQ45RRI4QH
A2A5Z0,5.57274E+15,XFW54PDR6TB
I5R0W6,5.12088E+15,UWA73VSG3OI
R1B9Y6,5.43859E+15,VFY44UOZ4XH
M0L4X2,5.37984E+15,KHY25JYW3SR
C0X3L0,5.43593E+15,LCZ13ZXE2MD
Q4Q0J0,5.57274E+15,ERN34VVW2ZM
H0Y0J4,5.12088E+15,YTK78GYQ3GB
O3K8F0,5.43859E+15,IBK33YCL3OL
F3U7T8,5.37984E+15,OBD99QUP0YR
M4R5E0,5.43593E+15,IMJ06EJT0ZK
U6H1J5,5.57274E+15,NCV22JOJ6GI
Z3Y1X4,5.12088E+15,DGT66XQR7LS
P8R7H0,5.43859E+15,UUH47TPX8JE
K8H4V1,5.37984E+15,KNP58RZH6PD
J1U8V8,5.43593E+15,BQD29WZE9VF
T7C3D4,5.57274E+15,IXJ75DQY6WR
O8B1F8,5.12088E+15,XHY84QQP8OK
T5T7L0,5.43859E+15,OGC78EOW2EA
Q7G2N6,5.37984E+15,ZVT62JDM2GB
E5E8P9,5.43593E+15,CYB99CHF3QQ
M5J4B7,5.57274E+15,KFV77XSH0MH
T4L4N7,5.12088E+15,WLB56YTJ2SA
D3E0P5,5.43859E+15,RDL55NBS4HQ
H0F8N0,5.37984E+15,EBU85LGC1PJ
K1R9A2,5.43593E+15,QOZ85NMW3ZM
B9X6S3,5.57274E+15,ZCJ04UJT2MV
K3Y9I3,5.12088E+15,YAX70CFF0OG
F0A0K4,5.43859E+15,CNU18KPU0GX
E0X2V5,5.37984E+15,DNN54PKN6DM
M3G7I8,5.43593E+15,GME47NGB1AP
L9B0B5,5.57274E+15,CSE55OOH2BI
G7H1V8,5.12088E+15,EOX42XSD3FY
E4W5G5,5.43859E+15,UED08OHL1WR
D1S2L7,5.37984E+15,GGY25DNY8RW
