Account_Number,Payment_ID,Beneficiary_Account_Number,Amount
5.43593E+15,T6K3O2,5.57274E+15,100
5.57274E+15,W9P1R8,5.12088E+15,200
5.12088E+15,R1Q3E3,5.43859E+15,300
5.43859E+15,S8D9F0,5.37984E+15,400
5.37984E+15,G8C0J8,5.43593E+15,500
5.43593E+15,K9R3X6,5.57274E+15,100
5.57274E+15,J7W8Z6,5.12088E+15,200
5.12088E+15,G0U2O6,5.43859E+15,300
5.43859E+15,G8Z5L8,5.37984E+15,400
5.37984E+15,F9T9O2,5.43593E+15,500
5.43593E+15,F1D2B4,5.57274E+15,100
5.57274E+15,C3E0E1,5.12088E+15,200
5.12088E+15,S5R5P9,5.43859E+15,300
5.43859E+15,T3O7H3,5.37984E+15,400
5.37984E+15,I1O3K1,5.43593E+15,500
5.43593E+15,N9P3K1,5.57274E+15,100
5.57274E+15,X6T5X8,5.12088E+15,200
5.12088E+15,Z3X1R3,5.43859E+15,300
5.43859E+15,L5S4F8,5.37984E+15,400
5.37984E+15,P4Q5T3,5.43593E+15,500
5.43593E+15,T2V9V6,5.57274E+15,100
5.57274E+15,G4M6W1,5.12088E+15,200
5.12088E+15,G6P5Z8,5.43859E+15,300
5.43859E+15,E3M9V1,5.37984E+15,400
5.37984E+15,T3Y4F0,5.43593E+15,500
5.43593E+15,Q7K9D9,5.57274E+15,100
5.57274E+15,W9Z4E5,5.12088E+15,200
5.12088E+15,H7Z2A2,5.43859E+15,300
5.43859E+15,Q8F8F7,5.37984E+15,400
5.37984E+15,X6L5D1,5.43593E+15,500
5.43593E+15,H1U9S3,5.57274E+15,100
5.57274E+15,F5M6U3,5.12088E+15,200
5.12088E+15,U7N7M2,5.43859E+15,300
5.43859E+15,D4P6Z1,5.37984E+15,400
5.37984E+15,S6N0R4,5.43593E+15,500
5.43593E+15,W2H8S0,5.57274E+15,100
5.57274E+15,D0R3F4,5.12088E+15,200
5.12088E+15,R1O2U5,5.43859E+15,300
5.43859E+15,M3F8D0,5.37984E+15,400
5.37984E+15,M2L6J9,5.43593E+15,500
5.43593E+15,C9O9W1,5.57274E+15,100
5.57274E+15,R1Y1D9,5.12088E+15,200
5.12088E+15,O3N7Z1,5.43859E+15,300
5.43859E+15,E7Z9S1,5.37984E+15,400
5.37984E+15,H8E2A2,5.43593E+15,500
5.43593E+15,Q6X1C0,5.57274E+15,100
5.57274E+15,O1P7O7,5.12088E+15,200
5.12088E+15,M6A6S2,5.43859E+15,300
5.43859E+15,G5D4A3,5.37984E+15,400
5.37984E+15,A5B0O0,5.43593E+15,500
